code,description,likely_causes,severity,applicable_models,model_years,system,advisor_guidance
P0299,Turbocharger/supercharger underboost condition,Boost leak at charge air cooler hose or clamp|Restricted air filter|Variable geometry turbo actuator sticking|Failed turbocharger|Exhaust leak before the turbine,high,,,engine,Engine is not making the boost it is commanding. Usually a leak in the charge air plumbing rather than the turbo itself. Expect a pressure test before any turbo work is quoted.
P2263,Turbocharger/supercharger boost system performance,Boost leak|VGT actuator fault|Boost pressure sensor drift|Soot fouling of the VGT vanes,high,,,engine,Related to P0299 and usually caused by the same leak. Diagnose the two together.
P0300,Random/multiple cylinder misfire detected,Failing ignition coil|Worn spark plugs|Vacuum leak|Low fuel pressure|Low compression|Contaminated fuel,high,,,engine,The engine is misfiring on more than one cylinder. Safe to drive a short distance but sustained driving can damage the catalytic converter. Should be seen promptly.
P0301,Cylinder 1 misfire detected,Ignition coil on cylinder 1|Spark plug on cylinder 1|Fuel injector on cylinder 1|Low compression on cylinder 1,high,,,engine,A specific cylinder is misfiring. Usually a coil or plug on that cylinder.
P0302,Cylinder 2 misfire detected,Ignition coil on cylinder 2|Spark plug on cylinder 2|Fuel injector on cylinder 2|Low compression on cylinder 2,high,,,engine,A specific cylinder is misfiring. Usually a coil or plug on that cylinder.
P0303,Cylinder 3 misfire detected,Ignition coil on cylinder 3|Spark plug on cylinder 3|Fuel injector on cylinder 3|Low compression on cylinder 3,high,,,engine,A specific cylinder is misfiring. Usually a coil or plug on that cylinder.
P0304,Cylinder 4 misfire detected,Ignition coil on cylinder 4|Spark plug on cylinder 4|Fuel injector on cylinder 4|Low compression on cylinder 4,high,,,engine,A specific cylinder is misfiring. Usually a coil or plug on that cylinder.
P0420,Catalyst system efficiency below threshold bank 1,Aged or failed catalytic converter|Exhaust leak upstream of the rear oxygen sensor|Failed rear oxygen sensor|Unresolved engine misfire damaging the catalyst,moderate,,,emissions,The catalytic converter is not cleaning the exhaust as well as it should. Not an immediate driveability problem but it will fail an emissions test.
P0401,Exhaust gas recirculation flow insufficient,Carbon-blocked EGR passages|Stuck EGR valve|Failed differential pressure sensor|Blocked EGR cooler,moderate,,,emissions,"EGR flow is restricted, usually by carbon buildup. Common on vehicles doing short urban routes."
P0740,Torque converter clutch circuit malfunction,Failed TCC solenoid|Wiring fault to the solenoid|Low or contaminated transmission fluid|Internal torque converter fault,high,,,transmission,The torque converter lockup circuit has a fault. Have the fluid condition checked before anything internal is quoted.
P0741,Torque converter clutch circuit performance or stuck off,Contaminated or wrong-specification transmission fluid|Failed TCC solenoid|Worn torque converter clutch friction material|Valve body wear,high,,,transmission,Lockup is not engaging as commanded. Wrong transmission fluid is a common and inexpensive cause worth ruling out first.
P2769,Torque converter clutch circuit intermittent,Intermittent wiring or connector fault|TCC solenoid beginning to fail|Fluid temperature sensor fault,moderate,,,transmission,An intermittent fault in the lockup circuit. May come and go with temperature.
P203F,Reductant level too low,DEF tank low or empty|DEF level sensor fault|Contaminated DEF affecting the sensor reading,high,Freightliner Cascadia,2020-2024,emissions,DEF is low or the system thinks it is. If the tank is genuinely full the sensor or the DEF quality is the issue. Derate follows if it is not addressed.
P207F,Reductant quality performance,Contaminated or diluted DEF|DEF aged beyond shelf life|Diesel cross-contamination in the DEF supply|NOx sensor drift,critical,Freightliner Cascadia,2020-2024,emissions,The DEF does not meet specification. Test the customer's bulk DEF supply as well as the vehicle - if the bulk tank is the source every vehicle refilled from it will return.
P2002,Diesel particulate filter efficiency below threshold bank 1,Ash-loaded DPF requiring cleaning|Damaged or cracked DPF substrate|Differential pressure sensor or hose fault|Repeated incomplete regenerations,high,Freightliner Cascadia,2020-2024,emissions,The particulate filter is not performing. Often ash loading on a vehicle doing short routes rather than a failed part.
P242F,Diesel particulate filter restriction - ash accumulation,Ash accumulation at service interval|Excessive oil consumption loading the filter with ash|Incorrect engine oil specification (high ash),high,Freightliner Cascadia,2020-2024,emissions,"Ash does not burn off in a regeneration and eventually needs the filter physically cleaned. This is a scheduled service item, not a failure."
U0140,Lost communication with body control module,Failed or sleeping module|CAN bus wiring fault|Low system voltage from a discharged battery|Module software fault,moderate,RAM ProMaster,2019-2022,electrical,A module stopped talking on the network. Frequently a symptom of low battery voltage rather than a module failure - check the charging and draw first.
P0562,System voltage low,Failing alternator|Loose or corroded battery cables|Failed battery|Excessive parasitic draw|Slipping accessory drive belt,high,,,electrical,System voltage is below normal. Could be charging or could be a draw flattening the battery overnight.
P0563,System voltage high,Failed voltage regulator|Failed alternator|Poor ground connection at the regulator,high,,,electrical,"Charging voltage is too high, which will damage the battery and electronics. Should not be driven far."
C0031,Left front wheel speed sensor circuit,Damaged wheel speed sensor|Wiring damage at the wheel|Debris or corrosion on the tone ring|Failed ABS module input,moderate,,,brakes,The ABS cannot read one wheel's speed. ABS and stability control will be disabled but normal braking still works.
C0034,Right front wheel speed sensor circuit,Damaged wheel speed sensor|Wiring damage at the wheel|Debris or corrosion on the tone ring|Failed ABS module input,moderate,,,brakes,The ABS cannot read one wheel's speed. ABS and stability control will be disabled but normal braking still works.
C0051,Steering angle sensor circuit,Sensor not calibrated after an alignment|Failed steering angle sensor|Clockspring fault,moderate,,,brakes,Stability control needs to know where the steering is pointed. Often just needs recalibrating after alignment work.
P0128,Coolant thermostat below regulating temperature,Thermostat stuck open|Failed coolant temperature sensor|Low coolant level,low,,,engine,The engine is taking too long to warm up. Usually a stuck thermostat. Hurts fuel economy and cabin heat.
P0171,System too lean bank 1,Vacuum leak|Failed or dirty mass air flow sensor|Weak fuel pump|Restricted fuel filter|Leaking intake manifold gasket,moderate,,,fuel,The engine is running lean. Commonly an unmetered air leak.
P0087,Fuel rail/system pressure too low,Restricted fuel filter|Failing high pressure fuel pump|Water in fuel|Leaking injector return,high,,,fuel,"Fuel pressure is below what the engine needs. On a diesel, check the fuel filter and water separator first."
P0088,Fuel rail/system pressure too high,Fuel pressure regulator fault|Failed rail pressure sensor|Restricted fuel return line,high,,,fuel,Fuel pressure is above specification. Should be seen promptly.
B1318,Battery voltage low,Discharged battery|Failed charging system|Parasitic draw|Corroded battery terminals,moderate,,,electrical,A module is reporting low battery voltage. Check charging and parasitic draw before replacing the battery.
P0455,Evaporative emission system leak detected - gross leak,Loose or missing fuel cap|Cracked EVAP hose|Failed purge or vent valve|Damaged fuel filler neck,low,,,emissions,Often just a loose fuel cap. Worth checking that before anything else is quoted.
P0442,Evaporative emission system leak detected - small leak,Small EVAP hose crack|Failed vent valve seal|Degraded fuel cap seal,low,,,emissions,A small leak in the fuel vapour system. Not a driveability problem but it will fail emissions.
